{
    "model_type": "xgboost",
    "accuracy": 0.7845804988662132,
    "f1_score": 0.7425474254742548,
    "confusion_matrix": [
        [
            209,
            26
        ],
        [
            69,
            137
        ]
    ],
    "classification_report": {
        "0.0": {
            "precision": 0.7517985611510791,
            "recall": 0.8893617021276595,
            "f1-score": 0.8148148148148148,
            "support": 235.0
        },
        "1.0": {
            "precision": 0.8404907975460123,
            "recall": 0.6650485436893204,
            "f1-score": 0.7425474254742548,
            "support": 206.0
        },
        "accuracy": 0.7845804988662132,
        "macro avg": {
            "precision": 0.7961446793485457,
            "recall": 0.77720512290849,
            "f1-score": 0.7786811201445347,
            "support": 441.0
        },
        "weighted avg": {
            "precision": 0.7932284947051749,
            "recall": 0.7845804988662132,
            "f1-score": 0.7810572587963219,
            "support": 441.0
        }
    }
}